[
  {
    "id": "313404fb-f03f-44de-95ba-5cab770861c3",
    "data": [
      {
        "text": "1234 West Main Street Columbus OH 43214",
        "alias": "address",
        "meta": "@sys.address",
        "userDefined": false
      }
    ],
    "isTemplate": false,
    "count": 1,
    "updated": 1542814627
  },
  {
    "id": "c47e50bb-0372-4d8c-ab3a-f73ef33ada2c",
    "data": [
      {
        "text": "My address is  ",
        "userDefined": false
      },
      {
        "text": "1234 West Main Street Columbus OH 43214",
        "alias": "address",
        "meta": "@sys.address",
        "userDefined": false
      }
    ],
    "isTemplate": false,
    "count": 0,
    "updated": 1542814627
  }
]